{"cameraMode":{"drawMode":0,"name":"Shaded","section":"Shading Mode"},"sceneLighting":true,"audioPlay":false,"sceneViewState":{"showFog":true,"showMaterialUpdate":false,"showSkybox":true,"showFlares":true,"showImageEffects":true,"showParticleSystems":true},"in2DMode":false,"pivot":{"x":37.6268310546875,"y":-41.495208740234378,"z":-97.73779296875},"rotation":{"x":0.14402814209461213,"y":0.7717335224151611,"z":-0.1883639246225357,"w":0.5900872349739075},"size":1.3321702480316163,"orthographic":true}