{"cameraMode":{"drawMode":0,"name":"Shaded","section":"Shading Mode"},"sceneLighting":false,"audioPlay":false,"sceneViewState":{"showFog":true,"showMaterialUpdate":false,"showSkybox":false,"showFlares":true,"showImageEffects":true,"showParticleSystems":true},"in2DMode":false,"pivot":{"x":-0.7126966714859009,"y":-0.038600414991378787,"z":0.23134231567382813},"rotation":{"x":0.2016616314649582,"y":-0.5670987367630005,"z":0.14564894139766694,"w":0.7851882576942444},"size":2.7156667709350588,"orthographic":false}