{"cameraMode":{"drawMode":0,"name":"Shaded","section":"Shading Mode"},"sceneLighting":false,"audioPlay":false,"sceneViewState":{"showFog":true,"showMaterialUpdate":false,"showSkybox":false,"showFlares":true,"showImageEffects":true,"showParticleSystems":true},"in2DMode":false,"pivot":{"x":-0.7201089859008789,"y":0.5994065999984741,"z":0.6336870193481445},"rotation":{"x":0.1269618570804596,"y":-0.8669841885566711,"z":0.39123234152793887,"w":0.28135207295417788},"size":4.126723289489746,"orthographic":false}