{"cameraMode":{"drawMode":0,"name":"Shaded","section":"Shading Mode"},"sceneLighting":false,"audioPlay":false,"sceneViewState":{"showFog":true,"showMaterialUpdate":false,"showSkybox":false,"showFlares":true,"showImageEffects":true,"showParticleSystems":true},"in2DMode":false,"pivot":{"x":0.009681463241577149,"y":0.02110469341278076,"z":-0.3054773807525635},"rotation":{"x":0.1269618570804596,"y":-0.8669841885566711,"z":0.39123234152793887,"w":0.28135207295417788},"size":2.557612657546997,"orthographic":false}