{"cameraMode":{"drawMode":0,"name":"Shaded","section":"Shading Mode"},"sceneLighting":true,"audioPlay":false,"sceneViewState":{"showFog":true,"showMaterialUpdate":false,"showSkybox":true,"showFlares":true,"showImageEffects":true,"showParticleSystems":true},"in2DMode":false,"pivot":{"x":69.805419921875,"y":-49.8115234375,"z":-104.46630859375},"rotation":{"x":-0.00644390843808651,"y":-0.9933068752288818,"z":0.09204193204641342,"w":-0.06953377276659012},"size":13.792229652404786,"orthographic":true}