{"cameraMode":{"drawMode":0,"name":"Shaded","section":"Shading Mode"},"sceneLighting":false,"audioPlay":false,"sceneViewState":{"showFog":true,"showMaterialUpdate":false,"showSkybox":false,"showFlares":true,"showImageEffects":true,"showParticleSystems":true},"in2DMode":false,"pivot":{"x":-1.1211166381835938,"y":0.1251058578491211,"z":-0.5111570358276367},"rotation":{"x":0.1269618570804596,"y":-0.8669841885566711,"z":0.39123234152793887,"w":0.28135207295417788},"size":7.813520431518555,"orthographic":false}