{"cameraMode":{"drawMode":0,"name":"Shaded","section":"Shading Mode"},"sceneLighting":true,"audioPlay":false,"sceneViewState":{"showFog":true,"showMaterialUpdate":false,"showSkybox":true,"showFlares":true,"showImageEffects":true,"showParticleSystems":true},"in2DMode":false,"pivot":{"x":44.11528015136719,"y":-42.826416015625,"z":-97.25537109375},"rotation":{"x":-0.004552597180008888,"y":-0.9649731516838074,"z":0.26177144050598147,"w":-0.016780849546194078},"size":4.221312046051025,"orthographic":true}