{"cameraMode":{"drawMode":0,"name":"Shaded","section":"Shading Mode"},"sceneLighting":false,"audioPlay":false,"sceneViewState":{"showFog":true,"showMaterialUpdate":false,"showSkybox":false,"showFlares":true,"showImageEffects":true,"showParticleSystems":true},"in2DMode":false,"pivot":{"x":-0.44973140954971316,"y":-0.02275407314300537,"z":-0.0567704439163208},"rotation":{"x":0.1269618570804596,"y":-0.8669841885566711,"z":0.39123234152793887,"w":0.28135207295417788},"size":1.503474473953247,"orthographic":false}