{"cameraMode":{"drawMode":0,"name":"Shaded","section":"Shading Mode"},"sceneLighting":false,"audioPlay":false,"sceneViewState":{"showFog":true,"showMaterialUpdate":false,"showSkybox":false,"showFlares":true,"showImageEffects":true,"showParticleSystems":true},"in2DMode":false,"pivot":{"x":-0.06427538394927979,"y":-0.06345254182815552,"z":-0.21927380561828614},"rotation":{"x":0.1269618570804596,"y":-0.8669841885566711,"z":0.39123234152793887,"w":0.28135207295417788},"size":2.2908565998077394,"orthographic":false}